id,5555991584,B000002NJS,B000002P5W,B00000DHZJ,B00005QZH2,B00005YW4H,B0009WFF0Y,B000S50QYC,B000V3L0ZK,B000VS8UJY,B000W0YVX0,B000WL7UQ4,B00137GGZC,B00137KS2O,B00137RGS8,B0013D8BK4,B0017OLUUC,B001A7DDTC,B001AAAT6O,B001AAAT7I,B001AAE9N8,B001AAHQLA,B001AUEMFS,B001BNK58W,B001DU4PHA,B001FX5V8M,B001FX9QS8,B001GLHBIG,B001IXQU3O,B001IXSU8W,B001IXUUNU,B001JODA58,B001K3JF7K,B001L2BIHK,B001NBO0KG,B001Q6ERVA,B001W3T44W,B001X3EQLW,B001XJTB8E,B0024RI70M,B00299CER2,B002BPH1F4,B002BPKWH8,B002I53BL0,B002K0OGOO,B002O1QKGQ,B002POXFQA,B002X063LA,B003DEE470,B003NJVBPS,B003Y3XTCQ,B003Y3XTJO,B003YK9IOC,B0043ZFAIA,B00468AWDW,B0047GL56G,B004948NSO,B0049FGVV4,B004BSHAHI,B004NYNGTQ,B004PVH8I2,B004RCXUK4,B004S5JBZ8,B0051QJ9EG,B0051QK8PU,B005636AFU,B005636AJQ,B0057UVLVK,B0059H09DC,B005I0C4I8,B005I0DM52,B005IVUWVS,B005LAZP18,B005LMEFEY,B005NMAX8E,B005QIBP82,B005RVXYMI,B005T18DB8,B005XOPFWQ,B006AR2D1G,B006M6W0AY,B006OAMVQ6,B006OITIWS,B007JOM5XA,B007RI58VE,B007VF2PAA,B008BUFQY6,B008XBRV6Y,B00970FKQ8,B009KUAOH0,B00AAJFAP6,B00000016W,B0000004YH,B000000W7W,B000001UNF,B000001Y15,B0000024LN,B00000253N,B00000294R,B000002H84,B000002WR5,B000002WYW,B000003114,B0000039Q3,B000003AEH,B000003B6U,B000003BZ2,B000003JCL,B000005HSW,B000005Z0G,B00000613H,B000006371,B0000064PN,B000006O62,B000006ON3,B000008FVT,B00000AFF9,B00000DHZO,B00000G3X7,B00000IFUI,B00000JT4T,B00001IVOV,B00002MZ2C,B00003IE26,B00004SYFZ,B00004XQZS,B00004YSGM,B000050HS3,B000050HSJ,B000053GUO,B00005KB91,B00005ONMT,B00005PJB5,B00005RGL2,B00005S7UE,B00005U2LE,B000066C1W,B00006C2H3,B00006GOA0,B00006L3IZ,B00006ZCFJ,B000075A20,B00007FGLS,B000088E7G,B00008G5DZ,B00008GQ9Y,B00008J4P5,B00008SH83,B00008V61C,B00009MGQS,B00009QGF2,B00009V7T2,B0000AQS1A,B0000BWVNP,B0000C0FBM,B0000C0FKA,B0000C83MI,B0000CC4VD,B0000CD5F1,B0000TAZS8,B0000Z80FM,B0001BXYRO,B0001LJC3E,B0001LYGQC,B0001MDPOK,B0001MDPQ8,B0001Z53AQ,B00027JYOE,B0002A2WAO,B0002JUWZW,B0002L57OG,B0002U6GFQ,B0002VYPCQ,B0002WZT20,B0002X314C,B0002XEDJE,B0002XEDSU,B00063MBT4,B00064X2QY,B00065JTAQ,B00065XJ52,B0006HC0OQ,B0006IGGLS,B0006ZQ9BS,B0007NFL18,B0007Y8A7E,B0007YMV1K,B0008ENJ06,B0009SCVTG,B000EU1KRS,B00000064E,B00000064F,B00000064G,B0000009OU,B0000009UT,B0000009UX,B0000009V1,B000000ISE,B000000OME,B000000Y1H,B000000Y52,B000000YDT,B000000ZGO,B0000013GB,B0000013GT,B000001A5X,B000001A6N,B000001A6X,B000001A9C,B000001AJO,B000001AJU,B000001ALK,B000001DQG,B000001DUK,B000001DUP,B000001DVP,B000001DZO,B000001DZU,B000001E0Q,B000001E0U,B000001EG2,B000001EG6,B000001EG8,B000001EGA,B000001EGC,B000001EGE,B000001EM3,B000001FAO,B000001FCK,B000001FCM,B000001FJV,B000001FTX,B000001FU9,B000001FUB,B000001FWQ,B000001FXV,B000001FZ6,B000001G07,B0000024IE,B0000024UX,B0000024VT,B0000024YL,B000002510,B00000255A,B00000258G,B0000025AS,B0000025BA,B0000025BE,B0000025BH,B0000025RI,B00000272N,B0000028RR,B0000029DD,B000002AH6,B000002AI3,B000002AMJ,B000002AP1,B000002B8A,B000002C2E,B000002G7G,B000002G8H,B000002GK1,B000002GQE,B000002GVS,B000002GVW,B000002GXG,B000002GXL,B000002GXU,B000002GXX,B000002GYL,B000002GYQ,B000002H1C,B000002HKU,B000002HQD,B000002I55,B000002I7U,B000002IHD,B000002JO2,B000002KBA,B000002KBB,B000002KE5,B000002KH3,B000002KHB,B000002KKN,B000002KO1,B000002KOQ,B000002L7G,B000002L8Z,B000002L9B,B000002LBM,B000002LGL,B000002LN4,B000002LQR,B000002O1Y,B000002OPL,B000002OVJ,B000002P5R,B000002PD7,B000002PD8,B000002UCL,B00000335J,B00000335K,B00000335M,B00000337Z,B0000033G0,B000003N7W,B000003N8P,B000003N8Q,B000003TAW,B000005H3A,B000005HCT,B000005HF9,B000005JJ3,B000005KQH,B0000065KK,B000006TZ8,B00000721I,B000007QF0,B000007SIN,B000009EJU,B00000DQSF,B00000FC5H,B00000IPAC,B00000J7JO,B00000JC6C,B00000JQFI,B00004S35Z,B00004S36A,B00004T9UF,B00004TA40,B00004U2G4,B00004UDE9,B00004XOWM,B00005B58Y,B00005JA24,B00005K9KP,B00005LKFC,B00005NKKS,B00005QVHK,B000067CPX,B00006IK19,B00006M183,B00007FOMQ,B000084T18,B00008RV18,B0000AGWFX,B0000C9ZSV,B0000CD5FR,B0000E1ALR,B000AL730O,B000EMGAOY,B000OQF6N6,B000OYC3J8,B000VWLEC0,B0000004VW,B00000050T,B00000053B,B000000TDH,B000000W6X,B000000WCV,B000000WGF,B0000013G5,B0000013GH,B000001AJI,B000001AJK,B000001ALI,B000001DSD,B000001DYS,B000001E58,B000001F38,B000001FC0,B000001FIH,B000001FQI,B0000024I7,B0000025F7,B00000269M,B0000026WD,B0000028XW,B000002AV5,B000002BLH,B000002BVN,B000002HBA,B000002HGD,B000002I8D,B000002I9H,B000002IG4,B000002IHQ,B000002IP1,B000002IXB,B000002IYI,B000002JB3,B000002KD5,B000002KXO,B000002KZR,B000002LE6,B000002LGQ,B000002LRX,B000002LUY,B000002MFN,B000002MUW,B000002O6V,B000002OQ3,B000002PHQ,B000002PHV,B000002VH6,B000002VRQ,B000002VT3,B0000039QD,B000003Z3W,B000005IRM,B000006045,B000007T1A,B00000ADG2,B00000BKJ1,B00000D9TQ,B00000D9VL,B00000DFRS,B00000FCBH,B00000I926,B00000J8EK,B00000K3W3,B000021XRD,B00002MU53,B00004R7SN,B00004SFQH,B00004TGLF,B00004WIZA,B00004YMP4,B00004Z30Z,B00004Z41Q,B000050HS9,B000059MEK,B00005HYIP,B00005LN6L,B00005MKDZ,B00005NHJS,B00005O54Q,B00005UWFJ,B00006690F,B00006FR68,B00006JUML,B00006WKZH,B00006ZCFI,B00007JMFF,B00007KK7V,B000089RVR,B00008DCQL,B00009L53W,B00009LI14,B00009VRDI,B0000A5A0K,B0000AKOMI,B0000C8Y0N,B0000DD7LC,B0000DFZZA,B0000DZ3FV,B0000TI3YQ,B000197KVW,B0001XAMC2,B00020X20I,B0002X591A,B00096S3PY,B000BNTM32,B000BOH8XW,B000EGDAQG,B000EGFV4K,B000FII324,B000GRUS22,B000H30MYY,B000IY04RW,B000J103X4,B000JFY06Q,B000JVSZIY,B000MTPAGI,B000NDFKRM,B000NVLES8,B000Q3646A,B000QUCPUC,B000SAAPF2,B000UJBY60,B000UZ4FWY,B000WCDI6O,B000XXWK9I,B000ZK42QI,B0013FDTYA,B0013H8QEG,B0019T9FL6,B001AGNRYY,B001AI1QWW,B0000004X1,B000000518,B000000OUJ,B000000WJ5,B0000012T3,B000001AH0,B000001AHX,B000001DYY,B000001EFF,B0000024LW,B0000025IA,B0000025YO,B00000273W,B000002GA0,B000002GAG,B000002GF0,B000002HAR,B000002KXX,B000002MKD,B000002N2B,B000002OIQ,B000002OLW,B000002OWQ,B000002VFW,B000002VMH,B000002X0Z,B0000047DV,B000005GWF,B0000060NH,B0000062GC,B000008J2Y,B000008LLI,B00000DGUG,B00000IL0N,B00000JMIQ,B000021YQV,B00003002C,B000035X1M,B00004HYM1,B00004TL26,B00004UARR,B00004YKUI,B00005R5V2,B000065625,B000066RM4,B00006JO3X,B00008J2DQ,B00018D44U,B00097A5H2,B000BM6AVA,B000EGEKWE,B000FPYNQW,B000N2G3RY,B001EOQTSI,B003TTB0GC,B004LFO0HE,B0000004UM,B00000053X,B000000IRN,B000000WGP,B000000WJA,B000000Y2R,B000000Y5M,B000000YAL,B000000YES,B000000YG5,B000000ZGT,B0000013GL,B00000163G,B000001A8C,B000001A8H,B000001AAT,B000001ABG,B000001ADD,B000001ADF,B000001AEE,B000001AEL,B000001AFF,B000001AK5,B000001AKT,B000001AM7,B000001AMX,B000001ANM,B000001DVR,B000001DWX,B000001DZ6,B000001E0S,B000001E44,B000001E54,B000001E56,B000001EEP,B000001EIU,B000001EJU,B000001EKE,B000001EOG,B000001EW3,B000001F4T,B000001F4Z,B000001F8P,B000001F9J,B000001F9P,B000001FKH,B000001FKJ,B000001FOJ,B000001G03,B000001G09,B000001G0Q,B000001PGZ,B000001QJN,B000001Y61,B0000024II,B000002564,B00000257B,B0000025A7,B0000025AM,B0000025CM,B0000025GR,B0000025JT,B0000025OA,B0000025UL,B0000025V4,B000002605,B000002610,B000002631,B000002638,B0000026IC,B0000026IF,B0000026L1,B0000026W6,B0000027H5,B0000028PD,B0000028RG,B00000295A,B00000295Y,B000002962,B0000029B0,B000002A5E,B000002ACB,B000002AI9,B000002ASA,B000002AVB,B000002BA5,B000002BSG,B000002G2R,B000002G50,B000002G77,B000002GC2,B000002GC4,B000002GCP,B000002GK7,B000002H8B,B000002HCV,B000002HKC,B000002HRC,B000002I4U,B000002IH8,B000002IIL,B000002IIQ,B000002IJG,B000002IOT,B000002IPC,B000002IR9,B000002IXU,B000002J4R,B000002J5U,B000002JJU,B000002JKY,B000002JN4,B000002JN6,B000002KBR,B000002KE4,B000002KEJ,B000002KF2,B000002KH1,B000002KKX,B000002KLL,B000002KYU,B000002L66,B000002L7Z,B000002LBT,B000002LCQ,B000002LD5,B000002LFG,B000002LJA,B000002LNG,B000002LSV,B000002MNF,B000002MTN,B000002N1I,B000002N2T,B000002NAO,B000002NBY,B000002NGP,B000002O9D,B000002OF7,B000002OIC,B000002OME,B000002OMU,B000002ONC,B000002OQH,B000002P2E,B000002P3W,B000002P64,B000002PAF,B000002PCQ,B000002PER,B000002Q40,B000002TWN,B000002U8M,B000002UBU,B000002UP9,B000002UPA,B000002UQN,B000002VOS,B000002VOU,B000002VS3,B000002VSH,B000002VTL,B000002W21,B000002W79,B000002W7N,B000002WCG,B0000032UW,B0000032XY,B0000032Y0,B0000032ZS,B00000335L,B000003381,B0000033FZ,B0000033GN,B0000033K4,B0000039QI,B000003ADA,B000003AEK,B000003B37,B000003B8F,B000003N7C,B000003PH0,B0000046NG,B0000047D3,B0000047RY,B0000058MY,B000005B04,B000005BBJ,B000005BOK,B000005H7J,B000005H9J,B000005IL1,B000005MLZ,B000005Z0E,B0000060NL,B000006DG7,B000006MV5,B000006NX3,B000006OFM,B000006XYR,B0000071C3,B0000072SX,B000008EHL,B000008GTY,B000008J2C,B000008LPA,B000008UKN,B000009DZA,B000009QMN,B00000AEFF,B00000AFSZ,B00000BIJY,B00000D9TH,B00000DBXY,B00000DCHG,B00000DHSH,B00000G4SD,B00000GBZ0,B00000I0OT,B00000I0RM,B00000I3ZO,B00000I8T5,B00000IFTH,B00000IIWW,B00000ILY5,B00000IP8G,B00000J2RG,B00000J7SR,B00000JC68,B00000JJN2,B00000JNNY,B00000JT3K,B00000JY9N,B00000K2W4,B00000K3GK,B00000K4GL,B00000K51T,B00000K5AK,B00001NTRA,B00001QGLB,B00001QGQI,B00002MZ4W,B00002S5DF,B000031X1J,B000031XCY,B000038IDJ,B000038IDT,B00003NHAR,B000040OVH,B0000457EA,B0000457IU,B000046PUW,B00004I9SP,B00004OCFE,B00004R8TR,B00004S51Y,B00004S5EF,B00004SCCO,B00004SSTE,B00004STN3,B00004T0QB,B00004T1I4,B00004Z2V3,B00004ZDV7,B000051Y1V,B000056P01,B000059RL0,B00005JXQS,B00005LMK5,B00005M987,B00005MLVA,B00005N8UV,B00005NKKR,B00005NNUY,B00005NZKM,B00005O02R,B00005O6IR,B00005PJFV,B00005Q7SH,B00005QDVS,B00005QK3W,B00005QXKE,B00005R8EL,B00005T7YV,B00005TPKC,B00005USBH,B00005V9QJ,B00005Y1M2,B0000646TK,B000066HQD,B000068CTE,B00006ISBT,B00006RAKP,B00006ZCFH,B000077SY2,B000083JWH,B00008ADQJ,B00008AY3L,B00008H2LB,B00008OWZE,B00008W2HY,B00009EJC7,B00009MGQH,B00009N1ZV,B00009U5J5,B0000AGWEC,B0000AGWFA,B0000BXMZX,B0000C421G,B0000DJE9R,B00013AFXS,B00016XMOE,B0001AP0OU,B0001XANAS,B00021LQ82,B0002MPU1K,B0002S94RK,B0002ZI9DS,B00064LOQO,B00066N8JI,B0007P9XJM,B000819PKC,B00092ZMF2,B000930E3Q,B0009A401G,B0009G3BWE,B0009JPV8S,B0009VJWQS,B0009XFIZK,B0009XNUK0,B000A2H1D2,B000AA4M9U,B000AGTQ54,B000AOENCM,B000ASTEE0,B000AV2G2O,B000AY9OGW,B000B5IOPM,B000B5IPLK,B000B5KRSY,B000BFNYZ2,B000BGR0OM,B000BGR18W,B000BJS4P8,B000BLI4UG,B000BR3464,B000BTDMDC,B000BY8278,B000BY827I,B000E0OEQC,B000E5N62U,B000E6EHI6,B000E97HB2,B000FILWFY,B000FJAA0G,B000FOQ15O,B000G1ALRU,B000G73U5Y,B000GG4XHY,B000H0MKGK,B000H1RFWI,B000IY04S6,B000JU8HHE,B000KCHZK6,B000T0C0MC,B000WSVBYO,B0012X44HE,B0013L5M08,B0019GAOI2,B001B94K2S,B001CY2EL6,B00273D58M,B003WTE886,B0048LDTKK,B004D1GZ2E,B004K4AUZW,B004R0MF0W,B005DEVH50,B005HWUBUK,B005I4UM1K,B005LAZOZU,B005OBMQAW,B005QJZ5FA,B007CKNX28,B007PAANYG,B008RYN44U,B008UTV73W,B0090OPBTC,B009KGKE0Q,B00AA0TZTW,B00BDSRER0,B00C591KO4,B00CL8D83U,B00DX88EJ0,B00DYFCYSO,B00IXZ9QP4,B0000004UO,B0000004ZO,B00000050N,B00000053G,B00000053Q,B000000559,B000002977,B000003AG8,B000003B5B,B000003C3Q,B000003C3V,B0000062XZ,B0000064QN,B00000AG9C,B00000D9WI,B00000G4NZ,B00000HZG9,B00000IFT1,B00000IMGM,B00000JY7R,B00002EPH8,B00002MYVJ,B00002MZ24,B000034D0D,B000038IDE,B00004RD01,B00004S80U,B00004WIOA,B00004WIXD,B00004XSM0,B00004YWGB,B00004YWGC,B000054OWS,B00005AKC0,B00005AVRE,B00005LVZJ,B00005NGWS,B00005O6DS,B00005RGNW,B00005RZWJ,B0000634ID,B000065UJJ,B0000665WR,B000068PZQ,B00006BTD5,B00006JKB7,B00006LWRH,B00007M8R9,B00008DKBS,B0000AGWFE,B0000AGWGD,B0000AKQGT,B0000AKY5P,B0000BWVLM,B0000BWVO9,B0000CABBR,B0000UJLJG,B00012FXCW,B00022FWHW,B0002CHI4C,B0002IQHBQ,B00064200S,B00065BYAY,B000765I86,B0007LLPF6,B0009FGWUS,B0009HLDA0,B000AGTQKY,B000BY826Y,B000E3K3BY,B000F0UV2M,B000F0UV3Q,B000F4TM6Y,B000FBFT7I,B000FZET70,B000VFIDQM,B0012AXTDC,B0013LL04A,B0017TBE9Y,B00192M9FC,B001D0T4JO,B001ESYAJ4,B001G7EGPG,B001H9N884,B001IX4CKC,B001O54NEY,B001P8C1U8,B001Q89F7E,B001T46THE,B001TD1XWG,B002DSM8UC,B003597ORA,B003KUSUG8,B003S897UU,B003ZZAXDG,B0041WLBEC,B0046JLTBU,B0047Z72IC,B000000509,B000000FG5,B000000WGX,B000000WHB,B000001Y13,B0000024KQ,B0000024MZ,B0000029GI,B000002JQR,B000002OHC,B000002WVU,B000003B6G,B000005AY3,B00000AGMC,B00000FDHE,B00004R8Q5,B00004SCHB,B000096FT9,B0000TWMDY,B0001KL5C6,B000AA303Y,B000EMGAGW,B000FUF80W,B000JFY0AC,B001L2I27O,B000000536,B000000541,B000000548,B000000HHU,B000000W7O,B000001O4U,B000001Y3J,B0000024IS,B0000024JZ,B0000027DL,B0000039QA,B000003AGE,B000003B6J,B000003B7W,B00000604A,B000007T1E,B000007T5A,B000009QO1,B00000AW34,B00000DFRV,B00000IFNQ,B00001QGPS,B000021XSC,B000023VR6,B00004D3CC,B00004XT2W,B000059Q4I,B00005AKBN,B00005AKI6,B00005B59X,B00005K32I,B000069HK1,B00006JJ1P,B00006SM86,B00008BL44,B00008NGI5,B000091R4X,B0001MDP9A,B00027JYPI,B0002M5TG6,B000FO0ARY,B000GDI21A,B000H7JDSQ,B000HT35SS,B000IFRQMW,B000JJRINO,B000JJRIO8,B000OV14LO,B000ROA07W,B000UAE8EY,B000V9KFG4,B000VS6P3W,B001A5RES0,B00000050R,B000002JV1,B000003B7Z,B0002TL6QQ,B0009K7RBG,B000XQ1YOM,B001CJOHG6,B001J32WBC,B000001AKR,B000001ANR,B000001EWU,B0000026KO,B000002HKA,B000002LM3,B000002LOO,B000002ONY,B000002OU3,B000002PB1,B000007SBF,B00000ADL2,B00000IFT0,B00005KCHA,B000B8I940,B002QB190Q,B003MX5ORQ,B0076QWBJY,B007PXZCP8,B00000051K,B000000HKV,B000000W2Z,B000000ZMS,B000001EE8,B000001FUF,B000001G0E,B000001Y1B,B0000024L0,B0000027S9,B0000028SB,B000002H8I,B000002KN3,B000002LJF,B0000032ZU,B000003AHB,B000003B3T,B000003C3D,B00000I7K7,B000035X1N,B00004TSAN,B00005A8MT,B00005AAFJ,B00005ARCX,B00005B0S6,B00005MK0U,B00005QC1U,B00005RZWO,B00006A6ZO,B00006GF98,B00006LV77,B00007BHA7,B00009PY0N,B000002BE9,B000002IT2,B000002J88,B000002M32,B0000062S6,B000006OH6,B000007Q91,B00000IAU3,B00001IVJS,B00006I4YD,B0000CC6QG,B0002ZYEKA,B0007TF19Y,B000B8QF00,B000IY04RC,B000L21DVW,B000NA2UK0,B000NPE7YC,B000NQR7UC,B000O78LH8,B000UMQDHC,B0011HF6GE,B0012OVF2U,B0014XCMVM,B0015435OI,B001E1DJD4,B001EYGOEM,B001TOKYN4,B001U0HBHO,B001WCN1U6,B0026NWBY2,B0043ZDU1E,B004IWHAA4,B005775NXK,B000000ORB,B000001EGI,B000001FFJ,B0000024TT,B0000026T4,B000002HCM,B000002KKD,B000002KYY,B000002NAV,B000002O4I,B000002O8D,B000002ON0,B000002OZS,B000002P22,B000002U4U,B000002V1I,B000008EXZ,B00000AFFF,B00000I41G,B00006C77B,B000BK8FVA,B000EHQ7VA,B00192K3NW,B001E9ULJ6,B001KR1IBW,B001LZ0UGM,B002WPXHV0,B0032CYG9Y,B005IKZ2W8,B007B6VOII,B007PSPRVM,B009G3T1J8,B009KGKF3M,B00A3OT5A4,B00BEKM08K,B00DRDSL4Y,B00E59KZOI,B00EH49FRE,B00ERMICGQ,B00FAEQ22G,B00FP1NNJY,B00FX8FY14,B00JRBLSR2,B000000OVC,B000001Y5F,B000001Y73,B000002BSF,B000002H72,B000002NIW,B000003CLS,B00000DC10,B00000J2SK,B00004TTGI,B00005AREX,B00005ICAW,B00005J4HH,B00005QG9J,B00005RGO5,B000068Q64,B000069HK2,B000069KI1,B00006NSFE,B0000719UJ,B000095J90,B00009YXGH,B0000AVBDS,B0000C8AXF,B00018D5CQ,B0002IQIZ6,B0002X8J3A,B0002XEDMG,B0007TKHX4,B0009S3HI0,B000AA302A,B000B8QF6O,B000BKSISA,B000FBGBPC,B000FIMG90,B000FUF86Q,B000GY729M,B000MGBTIE,B000PDZJ0S,B0029LHW4U,B002GZQYMA,B002IC1RR8,B002WNLLHO,B0036WHM0U,B003V5PPZG,B00936A21O,B00AF6B0VM,B00F1CRRIU,B00J80ED9M,B00JTHVWO8,B000000OWT,B000001EC1,B000001EP1,B000001FZH,B000001I0O,B0000025WQ,B000002G1T,B000002GJB,B000002ITU,B000002J2S,B000002JBB,B000002VT6,B0000036RP,B000008EZR,B00000DLVA,B00000F1CY,B00000K53Y,B00004TAXE,B00004TTGF,B00005NKYQ,B00008VOQM,B0000C6E4D,B00061U64S,B000CBNX4W,B000QCK99E,B000WCDI5K,B0014DC046,B001CWOCVI,B001FWRZ46,B001MWGZDG,B001PB3RU8,B001UJIMF0,B002JJ4XV2,B004MSRDSS,B007F1Q7HC,B00B10X9BK,B00CF7PG5U,B00000261P,B00000DCHH,B00000JWQH,B00002621U,B00009V8Z9,B000AGTQJU,B000MGUZ9I,B000MRA4WK,B000SZLSB2,B000X433MA,B00136LEMS,B0013G0PG4,B0013JXF86,B001B2261M,B001B65PBQ,B001EOQTV0,B001KR5RKA,B0020MMDCY,B002JQUNHS,B002OGS0SW,B003TO5MTI,B003VXFZ6W,B003Y3ZTH4,B00436GNVC,B0043C3DZU,B004PNCMTK,B004S5S83Y,B007BZM30M,B007YVUE8Q,B008G12ERC,B0091G7BEC,B009BKTUMY,B00BLSJI80,B00CM6ZM1W,B00ERMICY8
A3EBHHCZO6V2A4,5.0,5.0,5.0,5.0,5.0,2.0,2.0,5.0,2.0,5.0,5.0,2.0,3.0,3.0,3.0,3.0,2.0,3.0,5.0,2.0,3.0,2.0,3.0,2.0,3.0,3.0,1.0,4.0,3.0,5.0,5.0,3.0,2.0,2.0,2.0,5.0,3.0,2.0,3.0,2.0,5.0,2.0,1.0,5.0,3.0,5.0,5.0,5.0,1.0,5.0,5.0,5.0,5.0,1.0,5.0,2.0,5.0,5.0,5.0,5.0,5.0,5.0,1.0,2.0,5.0,5.0,1.0,5.0,5.0,5.0,5.0,5.0,3.0,2.0,5.0,5.0,1.0,3.0,5.0,1.0,4.0,2.0,2.0,3.0,5.0,5.0,5.0,2.0,5.0,5.0,3.0,,,,,,,,,,,,,,,,,,,,,,,,,,,,,,,,,,,,,,,,,,,,,,,,,,,,,,,,,,,,,,,,,,,,,,,,,,,,,,,,,,,,,,,,,,,,,,,,,,,,,,,,,,,,,,,,,,,,,,,,,,,,,,,,,,,,,,,,,,,,,,,,,,,,,,,,,,,,,,,,,,,,,,,,,,,,,,,,,,,,,,,,,,,,,,,,,,,,,,,,,,,,,,,,,,,,,,,,,,,,,,,,,,,,,,,,,,,,,,,,,,,,,,,,,,,,,,,,,,,,,,,,,,,,,,,,,,,,,,,,,,,,,,,,,,,,,,,,,,,,,,,,,,,,,,,,,,,,,,,,,,,,,,,,,,,,,,,,,,,,,,,,,,,,,,,,,,,,,,,,,,,,,,,,,,,,,,,,,,,,,,,,,,,,,,,,,,,,,,,,,,,,,,,,,,,,,,,,,,,,,,,,,,,,,,,,,,,,,,,,,,,,,,,,,,,,,,,,,,,,,,,,,,,,,,,,,,,,,,,,,,,,,,,,,,,,,,,,,,,,,,,,,,,,,,,,,,,,,,,,,,,,,,,,,,,,,,,,,,,,,,,,,,,,,,,,,,,,,,,,,,,,,,,,,,,,,,,,,,,,,,,,,,,,,,,,,,,,,,,,,,,,,,,,,,,,,,,,,,,,,,,,,,,,,,,,,,,,,,,,,,,,,,,,,,,,,,,,,,,,,,,,,,,,,,,,,,,,,,,,,,,,,,,,,,,,,,,,,,,,,,,,,,,,,,,,,,,,,,,,,,,,,,,,,,,,,,,,,,,,,,,,,,,,,,,,,,,,,,,,,,,,,,,,,,,,,,,,,,,,,,,,,,,,,,,,,,,,,,,,,,,,,,,,,,,,,,,,,,,,,,,,,,,,,,,,,,,,,,,,,,,,,,,,,,,,,,,,,,,,,,,,,,,,,,,,,,,,,,,,,,,,,,,,,,,,,,,,,,,,,,,,,,,,,,,,,,,,,,,,,,,,,,,,,,,,,,,,,,,,,,,,,,,,,,,,,,,,,,,,,,,,,,,,,,,,,,,,,,,,,,,,,,,,,,,,,,,,,,,,,,,,,,,,,,,,,,,,,,,,,,,,,,,,,,,,,,,,,,,,,,,,,,,,,,,,,,,,,,,,,,,,,,,,,,,,,,,,,,,,,,,,,,,,,,,,,,,,,,,,,,,,,,,,,,,,,,,,,,,,,,,,,,,,,,,,,,,,,,,,,,,,,,,,,,,,,,,,,,,,,,,,,,,,,,,,,,,,,,,,,,,,,,,,,,,,,,,,,,,,,,,,,,,,,,,,,,,,,,,,,,,,,,,,,,,,,,,,,,,,,,,,,,,,,,,,,,,,,,,,,,,,,,,,,,,,,,,,,,,,,,,,,
A3SV72ZAHH2IDH,,5.0,,,,1.0,,,,,,,,,,,,,,,,,,,,,,,,,,,,,,,,,,,,,,,,,,,,,,,,,,,,,,,,,,,,,,,,,,,,,,,,,,,,,,,,,,,,,,4.0,,,,,,,,,,,,,,,,,,,,,,4.0,,,,4.0,,,,,,,,,,,,,,,,,,,,,,,,2.0,,,,,,,,,,,,,,,,,,,,,,,,,,,,,,,,,,,,,,,3.0,,,,,,,,,5.0,,,,,,,,,,,,,5.0,,,5.0,5.0,5.0,,5.0,3.0,,,,,,,,,,,,,,,,,5.0,,,,,,,,,,,5.0,,,,,,,,,,,5.0,,,,,,,,,,,,,,,,,,,,,,,,,,,4.0,,,,,5.0,,3.0,,,5.0,5.0,4.0,5.0,,,5.0,,,,,,,,,,,,,,,,,,,,,,,,,,,,,,,5.0,,,5.0,5.0,5.0,,,,,,,,,,,4.0,,,5.0,4.0,,5.0,,,,,5.0,,,,5.0,5.0,5.0,5.0,4.0,5.0,5.0,5.0,5.0,4.0,4.0,5.0,4.0,4.0,5.0,5.0,5.0,5.0,5.0,4.0,4.0,5.0,4.0,5.0,5.0,5.0,3.0,5.0,5.0,5.0,4.0,4.0,5.0,5.0,3.0,3.0,4.0,5.0,4.0,5.0,4.0,5.0,5.0,3.0,4.0,5.0,4.0,4.0,5.0,5.0,4.0,5.0,5.0,1.0,5.0,4.0,3.0,5.0,5.0,5.0,4.0,4.0,4.0,5.0,5.0,5.0,4.0,5.0,2.0,4.0,4.0,4.0,4.0,5.0,1.0,4.0,1.0,5.0,2.0,2.0,5.0,5.0,2.0,3.0,3.0,4.0,3.0,3.0,1.0,3.0,3.0,3.0,3.0,5.0,4.0,1.0,3.0,4.0,3.0,3.0,5.0,4.0,3.0,3.0,4.0,5.0,4.0,5.0,5.0,5.0,2.0,3.0,5.0,3.0,3.0,4.0,3.0,4.0,4.0,3.0,4.0,4.0,3.0,3.0,2.0,4.0,5.0,4.0,3.0,3.0,4.0,4.0,3.0,3.0,3.0,,,,,,,,,,,,,,,,,,,,,,,,,,,,,,,,,,,,,,,,,,,,,,,,,,,,,,,,,,,,,,,,,,,,,,,,,,,,,,,,,,,,,,,,,,,,,,,,,,,,,,,,,,,,,,,,,,,,,,,,,,,,,,,,,,,,,,,,,,,,,,,,,,,,,,,,,,,,,,,,,,,,,,,,,,,,,,,,,,,,,,,,,,,,,,,,,,,,,,,,,,,,,,,,,,,,,,,,,,,,,,,,,,,,,,,,,,,,,,,,,,,,,,,,,,,,,,,,,,,,,,,,,,,,,,,,,,,,,,,,,,,,,,,,,,,,,,,,,,,,,,,,,,,,,,,,,,,,,,,,,,,,,,,,,,,,,,,,,,,,,,,,,,,,,,,,,,,,,,,,,,,,,,,,,,,,,,,,,,,,,,,,,,,,,,,,,,,,,,,,,,,,,,,,,,,,,,,,,,,,,,,,,,,,,,,,,,,,,,,,,,,,,,,,,,,,,,,,,,,,,,,,,,,,,,,,,,,,,,,,,,,,,,,,,,,,,,,,,,,,,,,,,,,,,,,,,,,,,,,,,,,,,,,,,,,,,,,,,,,,,,,,,,,,,,,,,,,,,,,,,,,,,,,,,,,,,,,,,,,,,,,,,,,,,,,,,,,,,,,,,,,,,,,,,,,,,,,,,,,,,,,,,,,,,,,,,,,,,,,,,,,,,,,,,,,,,,,,,,,,,,,,,,,,,,,,,,,,,,,,,,,,,,,,,,,,,,,,,,,,,,,,,,,,,,,,,,,,,,,,,,,,,,,,,,,,,,,,,,,,,,,,,,,,,,,,,,,,,,,,,,,,,,,,,,,,,,,,,,,,,,,,,,,,,,,,,,,,,,,,,,,,,,,,,,,,,,,,,,,,,,,,,,,,,,,,,,,,,,,,,,,,,,,,,,,,,,,,,,,,,,,,,,,,,,,,,,,,,,,,,,,,,,,
A23IOPI0D1OG7V,,5.0,5.0,,,5.0,,,,,,,,,,,,,,,,,,,,,,,,,,,,,,,,,,,,,,,,,,,,,,,,,,,,,,,,,,,,,,,,,,,,,,,,,,,,,,,,,,,,,,5.0,,,,,,,,,,5.0,,,,,,,,,,,,,,,,,,,,,5.0,,,,,,,,,,,,,,,,,,,,,,,,5.0,,,,,,,,,1.0,,,,,,,,,,,,,,,,,,,,,,,,,,,,,,,,,,,,,5.0,,,,,,,,,,5.0,,,5.0,,4.0,,,2.0,,,,,,,,,,,,,,,,,,,,,,,,,,,5.0,5.0,,,,5.0,,,,,,,5.0,,,,,,5.0,,,,,,,,,,,,,,,,,,,,,,,,,,,,,,,,,5.0,5.0,,,,,,,,,,,,,,,,,,,,,,,,,,,,,,,5.0,,,,,,5.0,5.0,,,,,,,,5.0,,,,,,,,,,5.0,,,,,,,,,,,,,,,,,5.0,,,,,,,,,,5.0,,5.0,5.0,5.0,,,,,,,,,,,,,,,,,,5.0,,,,,,,4.0,,,,,,,,,,5.0,,,,,,,,,,,,4.0,,1.0,,,,,,,,,5.0,,,,,,,,,,,,,,,,,,,,,,,,,,,,,,,,,,,,,,,,,,,,,,,,,,,,,,,5.0,4.0,5.0,5.0,5.0,5.0,5.0,5.0,5.0,5.0,5.0,5.0,5.0,5.0,5.0,5.0,5.0,5.0,5.0,5.0,5.0,4.0,4.0,5.0,5.0,5.0,5.0,5.0,5.0,5.0,4.0,5.0,5.0,4.0,5.0,5.0,5.0,5.0,5.0,2.0,1.0,5.0,1.0,5.0,3.0,1.0,1.0,1.0,5.0,4.0,5.0,5.0,5.0,1.0,5.0,5.0,,,,,,,,,,,,,,,,,,,,,,,,,,,,,,,,,,,,,,,,,,,,,,,,,,,,,,,,,,,,,,,,,,,,,,,,,,,,,,,,,,,,,,,,,,,,,,,,,,,,,,,,,,,,,,,,,,,,,,,,,,,,,,,,,,,,,,,,,,,,,,,,,,,,,,,,,,,,,,,,,,,,,,,,,,,,,,,,,,,,,,,,,,,,,,,,,,,,,,,,,,,,,,,,,,,,,,,,,,,,,,,,,,,,,,,,,,,,,,,,,,,,,,,,,,,,,,,,,,,,,,,,,,,,,,,,,,,,,,,,,,,,,,,,,,,,,,,,,,,,,,,,,,,,,,,,,,,,,,,,,,,,,,,,,,,,,,,,,,,,,,,,,,,,,,,,,,,,,,,,,,,,,,,,,,,,,,,,,,,,,,,,,,,,,,,,,,,,,,,,,,,,,,,,,,,,,,,,,,,,,,,,,,,,,,,,,,,,,,,,,,,,,,,,,,,,,,,,,,,,,,,,,,,,,,,,,,,,,,,,,,,,,,,,,,,,,,,,,,,,,,,,,,,,,,,,,,,,,,,,,,,,,,,,,,,,,,,,,,,,,,,,,,,,,,,,,,,,,,,,,,,,,,,,,,,,,,,,,,,,,,,,,,,,,,,,,,,,,,,,,,,,,,,,,,,,,,,,,,,,,,,,,,,,,,,,,,,,,,,,,,,,,,,,,,,,,,,,,,,,,,,,,,,,,,,,,,,,,,,,,,,,,,,,,,,,,,,,,,,,,,,,,,,,,,,,,,,,,,,,,,,,,,,,,,,,,,,,,,,,,,,,,,,,,,,,,,,,,,,,,,,,,,,,,,,,,,,,,,,,,,,,,,,,,,,,,,,,,,,,,,,,,,,,,,,,,,,,,,,,,,,,,,,,,,,
A9Q28YTLYREO7,,1.0,5.0,5.0,,3.0,,,,,,,,,,,,,,,,,,,,,,,,,,,,,,,,,,,,,,,,,,,,,,,,,,,,,,,,,,,,,,,,,,,,,,,,,,,,,,,,,,,,,,,,,,,,,,,,,,5.0,,,,,,,,1.0,,,,,,,,,,,,1.0,,,,,,2.0,,,,,3.0,,1.0,4.0,,,1.0,1.0,2.0,2.0,,,2.0,,,,,,1.0,,,,,,,1.0,1.0,2.0,,,2.0,,1.0,,,1.0,,2.0,1.0,2.0,2.0,,,,2.0,2.0,1.0,,1.0,1.0,1.0,,,2.0,1.0,2.0,,,,,,,,,,5.0,,4.0,5.0,5.0,5.0,5.0,5.0,5.0,5.0,5.0,4.0,2.0,,,5.0,,2.0,5.0,5.0,,,,,,,,,,5.0,5.0,5.0,,,,5.0,5.0,,5.0,5.0,,5.0,5.0,5.0,5.0,5.0,,5.0,,,4.0,,,,,5.0,5.0,,,,,,,,,,,,,,,,,,,5.0,5.0,,,,,,4.0,,4.0,,,,,,,,,,5.0,5.0,,,4.0,5.0,,,5.0,5.0,,,,,5.0,,5.0,,5.0,,,,,,,4.0,,,,5.0,,,5.0,,,1.0,,,,1.0,,5.0,2.0,5.0,,,3.0,,1.0,,,,3.0,4.0,4.0,4.0,2.0,1.0,,,,2.0,5.0,5.0,,,,,,,,,,,5.0,5.0,,,,4.0,,5.0,4.0,5.0,,5.0,,,,,4.0,,,2.0,,,1.0,,,,5.0,3.0,2.0,,,1.0,4.0,2.0,,5.0,4.0,,,,1.0,,,,2.0,2.0,,,1.0,,,,,,,,2.0,,3.0,5.0,,,,,,,,,2.0,1.0,,,,1.0,,2.0,,,2.0,1.0,,2.0,1.0,,2.0,,2.0,,2.0,,2.0,,,,,3.0,,,1.0,1.0,,3.0,2.0,2.0,4.0,2.0,2.0,,,2.0,1.0,2.0,,,2.0,,2.0,,,,,1.0,5.0,2.0,,,3.0,5.0,5.0,,,,5.0,,,5.0,5.0,4.0,1.0,3.0,,,,5.0,,3.0,5.0,,,5.0,5.0,,,,,,,,5.0,3.0,1.0,2.0,1.0,3.0,3.0,2.0,5.0,3.0,,2.0,,,2.0,,2.0,,,3.0,5.0,1.0,5.0,4.0,4.0,5.0,4.0,5.0,5.0,5.0,5.0,2.0,1.0,5.0,5.0,2.0,5.0,4.0,5.0,5.0,3.0,5.0,5.0,5.0,4.0,4.0,5.0,5.0,5.0,5.0,5.0,5.0,5.0,5.0,5.0,5.0,5.0,5.0,5.0,1.0,5.0,4.0,5.0,4.0,5.0,4.0,5.0,4.0,5.0,4.0,5.0,5.0,5.0,3.0,5.0,4.0,3.0,5.0,2.0,5.0,4.0,5.0,4.0,5.0,5.0,2.0,4.0,5.0,4.0,4.0,5.0,5.0,2.0,4.0,5.0,5.0,3.0,2.0,4.0,5.0,4.0,5.0,5.0,4.0,5.0,1.0,2.0,5.0,5.0,5.0,5.0,5.0,3.0,4.0,1.0,4.0,3.0,1.0,5.0,5.0,5.0,5.0,5.0,4.0,2.0,5.0,3.0,1.0,5.0,5.0,5.0,5.0,4.0,4.0,4.0,5.0,5.0,5.0,5.0,5.0,5.0,2.0,4.0,3.0,3.0,5.0,4.0,3.0,3.0,4.0,5.0,5.0,4.0,5.0,5.0,5.0,5.0,5.0,2.0,2.0,5.0,5.0,3.0,2.0,2.0,2.0,2.0,3.0,3.0,5.0,5.0,4.0,5.0,5.0,5.0,5.0,5.0,1.0,3.0,5.0,4.0,5.0,5.0,5.0,5.0,4.0,5.0,5.0,5.0,5.0,5.0,5.0,3.0,5.0,4.0,1.0,4.0,5.0,4.0,3.0,5.0,4.0,5.0,5.0,4.0,4.0,2.0,4.0,5.0,4.0,5.0,3.0,5.0,1.0,5.0,5.0,5.0,4.0,2.0,4.0,5.0,4.0,4.0,4.0,5.0,4.0,1.0,5.0,3.0,1.0,3.0,1.0,1.0,1.0,3.0,4.0,5.0,5.0,1.0,5.0,5.0,4.0,1.0,5.0,2.0,3.0,5.0,1.0,2.0,2.0,5.0,5.0,2.0,5.0,1.0,5.0,1.0,5.0,1.0,1.0,1.0,1.0,1.0,1.0,1.0,1.0,1.0,1.0,4.0,1.0,5.0,5.0,1.0,2.0,1.0,4.0,1.0,2.0,1.0,5.0,3.0,4.0,4.0,5.0,2.0,5.0,4.0,5.0,5.0,2.0,4.0,3.0,5.0,4.0,2.0,3.0,1.0,3.0,2.0,2.0,3.0,3.0,1.0,2.0,2.0,5.0,3.0,5.0,3.0,2.0,4.0,3.0,5.0,2.0,4.0,3.0,4.0,3.0,1.0,2.0,4.0,5.0,4.0,5.0,5.0,1.0,2.0,2.0,1.0,5.0,4.0,2.0,5.0,5.0,3.0,1.0,3.0,1.0,2.0,5.0,2.0,1.0,2.0,5.0,1.0,1.0,1.0,1.0,2.0,5.0,5.0,3.0,2.0,2.0,1.0,1.0,2.0,2.0,2.0,1.0,3.0,4.0,2.0,2.0,3.0,3.0,2.0,3.0,3.0,2.0,2.0,4.0,2.0,2.0,3.0,2.0,2.0,3.0,4.0,3.0,1.0,2.0,2.0,2.0,3.0,2.0,3.0,5.0,3.0,2.0,2.0,4.0,2.0,5.0,3.0,2.0,2.0,2.0,1.0,2.0,3.0,2.0,2.0,3.0,3.0,2.0,4.0,3.0,4.0,3.0,3.0,4.0,2.0,2.0,2.0,2.0,,,,,,,,,,,,,,,,,,,,,,,,,,,,,,,,,,,,,,,,,,,,,,,,,,,,,,,,,,,,,,,,,,,,,,,,,,,,,,,,,,,,,,,,,,,,,,,,,,,,,,,,,,,,,,,,,,,,,,,,,,,,,,,,,,,,,,,,,,,,,,,,,,,,,,,,,,,,,,,,,,,,,,,,,,,,,,,,,,,,,,,,,,,,,,,,,,,,,,,,,,,,,,,,,,,,,,,,,,,,,,,,,,,,,,,,,,,,,,,,,,,,,,,,,,,,,,,,,,,,,,,,,,,,,,,,,,,,,,,,,,,,,,,,,,,,,,,,,,,,,,,,,,,,,,,,,,,,,,,,,,,,,,,,,,,,,,,,,,,,,,,,,,,,,,,,,,,,,,,,,,,,,,,,,,,,,,,,,,,,,,,,,,,,,,,,,,,,,,,,,,,,,,,,,,,,,,,,,,,,,,,,,,,,,,,,,,,
A3OLZXHFGUAMWW,,1.0,,,,,,,,,,,,,,,,,,,,,,,,,,,,,,,,,,,,,,,,,,,,,,,,,,,,,,,,,,,,,,,,,,,,,,,,,,,,,,,,,,,,,,,,,,,,5.0,,,,,,,,,,,,,,,,,,,,,,,,,,,,,,,,,5.0,,,5.0,,4.0,,,,,3.0,5.0,,3.0,,3.0,,,,,,,,,,,,,,,,,,2.0,,,,,,,,,,,,,,,,,,,,,,,,,,,,,,,,,,,,,,,,,,,,,,,,,,,,,,,1.0,,,5.0,,5.0,,,,,,,,,5.0,5.0,,,5.0,,5.0,,,5.0,,,,,,,,,,,,,,,,,,,,,,,,,,,,,,,,,,,,,,,,,,,,,,,,,,,,,,,,,5.0,,,,,,,,,,,,,,,,,,,,,,,,,,,,,,,,,,,,,,,,,,,,,,,,,5.0,5.0,,,,,,,,,,,,,,,,,,,,,,,,,,,,,5.0,,,5.0,,,,3.0,,,,,,,,,,,,,,,,,,,,,,,,,,,,,,,,,,,,,,,,,,,,,,4.0,,,,4.0,,,,,4.0,5.0,,,4.0,,3.0,5.0,,,,4.0,,,,,,,,,,,,,,,,,,,,,,,,,,,,,,,,,,,,,,,,,,,,,,,,,,,,,5.0,,,,,,,,,,5.0,,,,,,,,5.0,,,,,,,4.0,,,5.0,3.0,,5.0,5.0,,,5.0,,,,,,,,,,,,,,,,,,,,,,,,,,,,,,,,,,,,,,,5.0,,,5.0,,,,5.0,,,,,,,,,,,5.0,5.0,,,,,,,,,5.0,,5.0,,,,,,,,,,,,3.0,,,,,,,,,,,,,,,,,,,,,,,,,,,,,,,,,4.0,,,,,,,,5.0,5.0,,,,,,,5.0,,,,,,,,,,,,,,,,,,,,,,,,,,,,,,,,,,,,,5.0,,,,,,,,,,,,,,,,,,,,5.0,,,,,,,,,,,,,,,,,,,,,,,,,,,,,,4.0,,,,,,,,,5.0,,,4.0,,,,,,,,5.0,,,,,,,,,,,,,,,,,,,,,,,,,3.0,5.0,4.0,,,,,,,,,4.0,,,,,,,,,5.0,,,,,5.0,,,,,5.0,4.0,,,,,,,,,5.0,,5.0,5.0,,,,,1.0,,5.0,1.0,,,1.0,4.0,,,,,,,,,,,,,,,,,,,,,,,,,,,,,,,,,,,,,,,,,,,,,,,,,,,,,,,,,,,,,,,,,,,,,,,,,,,,,,,,,,,,,,,,,,,,,,,,,,,,,5.0,,,,2.0,,,,,5.0,,,,,,,,,,,,,5.0,4.0,,,3.0,,,,,5.0,5.0,5.0,,,,,,,,,2.0,,3.0,5.0,2.0,,,,,,,,,,,,,,,,,,,,,,,,,,,,,,,,,,,,,,,,,,,,,,,,,,,,,,,5.0,,,,,,,,,,,,,,,,,4.0,,,,,,,5.0,,,,,,,,,,5.0,,,,1.0,,,3.0,,,,,4.0,,,,,,,,,,,,,,,,,,,4.0,5.0,,,,,,,,,,,,,,,,,,,5.0,,,,,,5.0,3.0,5.0,5.0,5.0,4.0,5.0,3.0,5.0,5.0,5.0,4.0,5.0,5.0,5.0,5.0,5.0,5.0,2.0,4.0,4.0,5.0,3.0,4.0,3.0,5.0,3.0,4.0,5.0,4.0,4.0,5.0,4.0,,,,,,,,,,,,,,,,,,,,,,,,,,,,,,,,,,,,,,,,,,,,,,,,,,,,,,,,,,,,,,,,,,,,,,,,,,,,,,,,,,,,,,,,,,,,,,,,,,,,,,,,,,,,,,,,,,,,,,,,,,,,,,,,,,,,,,,,,,,,,,,,,,,,,,,,,,,,,,,,,,,,,,,,,,,,,,,,,,,,,,,,,,,,,,,,,,,,,,,
A2ULSA0IRUE09E,,4.0,,,,5.0,5.0,,,,,,,,,,,,,,,,,,,,,,,,,,,,,,,,,,,,,,,,,,,,,,,,,,,,,,,,,,,,,,,,,,,,,,,,,,,,,,,,,,,,,,,,,,,,,,,,,,,,,,,,,,,,,,,,,,,,,,,,,,,,,,,,4.0,,,,,,,,,,,,,,,,,,,,,,,,,,,,,,,,,,,,,,,,,,,,,,,,,,,,,,,,,5.0,,,,,,,,,,,,,,,,,,,,,,,,,,,,,,,,,,,,,,,,,,,,,,,,,,,,,,,,,,,,,5.0,,,,,,,,,,,,,,,,,,,,,,,,,,,,,,,,,,,,,,,,,,,,,,,,,,,,,,,,,,,,,,,,,,,,,,,,,,,,,,,,,,,,,,,,,,,,,,,,,,,2.0,2.0,,,,,,,,,,,,,,,,,,,,,,,,,,,,,,,,,,,,,,,,,,,,,,5.0,,,,,,,,,,,,,,,,,,,,,,,,,,,,,,,4.0,,,,,,,,,,,,,,,,,,,,,,,,5.0,,,,,,,,,,,,,4.0,,,,,,,1.0,,,,,,,,2.0,,,,,,,,,,,,,,,,,,,,,,,,,,,,,,,,,,,,,,,,5.0,,,,,,,,,4.0,,,,,,4.0,,,,,3.0,,,,,,,,,,,,,,,,,,,,,,,,,,,,,,,,,,,,,,,,,,,,,,,,,,,,,,,,,,,,,,,,,,,,,,,,,,,,,,,,,,,,,,,,,,,,,,,,,,,,,,,,,,,,,,,,,,,,,,,,,,,,,,,,,,,,,,,,,,,,,,,,,,,,,,,,,,,,,,,,,,,,,,,,,,,,,,,,,,,,,,,,,,,,,,,,,,,,,,,,,,,,,,,,,,,,,,,,,,,,,,,,,,,,,,,,,,,,,,,,,,,,,5.0,,,,,,,,,,,,,,,,,,,,,,,,,,,,,,,,,,,,,,,,,,,,,,,,,,,,,,,,,,,,,,,,,,,,,,4.0,,,,,,,,,,,,,,,,,,,,,,,,,,,,,,,3.0,,,,,,,5.0,,,,,,,2.0,,,1.0,,,,5.0,4.0,,,,,,,,3.0,,,,,,,,,,,,,,,,,,,,,,,,,,,,,,,,,,,,,,,,,,,,,,,,,,,,,,,,,,,,,,,,,,,,,,,,,,,,,,,,,,,,,,,,,,,,,,,,,,,,,,,,,,,,,,,,,,5.0,,,,,,,,,,,,,,,,,,,,,,,,,,,,,,,,,,,,,,,,,,,,,,,,,,,,,,,,,,,,,,,,,,,,,,,,,,,,,,,,,,,,,,,,,,,,,,,,,,,,,,,,,,,,,,,,,,,,,,,,,,,,,,,,,,,,,,,,,,,,,,,,,,5.0,4.0,5.0,4.0,5.0,5.0,4.0,4.0,2.0,5.0,4.0,5.0,5.0,2.0,3.0,2.0,5.0,2.0,5.0,5.0,5.0,4.0,3.0,3.0,4.0,3.0,2.0,5.0,4.0,3.0,5.0,5.0,5.0,4.0,,,,,,,,,,,,,,,,,,,,,,,,,,,,,,,,,,,,,,,,,,,,,,,,,,,,,,,,,,,,,,,,,,,,,,,,,,,,,,,,,,,,,,,,,,,,,,,,,,,,,,,,,,,,,,,,,,,,,,,,,,,,,,,,,,,,,,,,,,,,,,,,,,,,,,,,,,,,,,,,,,,,,
A2PV6GK1HV54Y9,,5.0,,,,,,,1.0,,,,,,,,,,,,,,,,,,,,,,,,,,,,,,,,,,,,,,,,,,,,,,,,,,,,,,,,,,,,,,,,,,,,,,,,,,,,,,,,,,,,,,,,,,,,,,,,,,,,,,,,,,,,,,,,,,,,,,,,,,,,,,,,,,,,,,,,,,,,,,,,,,,,,,,,,,,,,,,,,,,,,,,,,,,,,,,,,,,,,,,,,,,,,,,,,,,,,,,,,,,,,,,4.0,,,,,,,,,,,,,,,,,,,,,,,,,,,,,,,,,,,,,,,,,,,,,,,,,,,,,,,,,,,,,,,,,,,,,,,,,,,,,,,,,,,,,,,,,,,,,,,,,,,,,,,,,,,,,,,,,,,,,,,,3.0,,,,,,,,,,,,,,,,,,,,,,2.0,,,4.0,,3.0,,,,,,,,,,,,,,4.0,,,,,,,,,,,,,,,,,,,5.0,,,5.0,4.0,,,,,,,,,,,,,,,,,,,,,,,,,,,,,,3.0,,,,,,,,,,,,,,,,4.0,,,3.0,,,,,,5.0,,,,,,,,,,,,5.0,,,,,,,,,,,,,,,,,,,,,,,,,,,,,,,,,,,,,,,,,,,,,,,,,,,,,,,5.0,,,,,,,,,,,,,,,,,,,,1.0,,,,,,,,,,,,,,,,,,,,,,,,,,,,,,,,,,,,,,,,,,,1.0,,,,,,,,,,,,,,,,,,,,,,,,,,,,,,,,,,,,,,,,,,,,,,,,,,,,,,,,,,,,,,,,,,,5.0,,,,,,,,,,,,,,,,,,,,,,,,,,,,,,,,,,,,,,,,,,,,,,,,,,,,,,,,,,,,,,,,,,,,,,,,,,,,,,,,,,,,,,,,,,,,,,,,,,,,,,,,,,,,,,,,,,,,,,,,,,,,,,,,,,,,,,,3.0,,,,,,,,,,,,,,,,,,,,,,,,,,,,5.0,,,,,,,,,,5.0,,,,,5.0,,,,4.0,,,,,,,,,,5.0,4.0,,,,,,,,,,,,5.0,,4.0,,,,,,,,,,,,,,,,5.0,,,,,,,,,,,,,1.0,,,,,,,,,,,,,,,,,,,,,,,,,,,,,,,,,5.0,,,,,,,5.0,,,,,,,,,,,,,,,,,,,,,,,,,,,,,,,,,,,,,,,,,,,,,,,,,,,,,,,,,,,,,,,,,,,,,,,,,,,,,,,,,,,,,,,,,,,,,,,,,,,,,,,,,,,,,,,,,,,,,,,,,,,,,,,,,,,,,,,,,,,,,,,,,,,,,,,,,,,,,,,,,,,,,,,,,,,,,,,,,,,,,,,,,,,,,,,,,,,,,,,,,,,,,,,,,,,,,,,,,,,,,,,,,,,,,,,,,,,,,,,,,,,,,,,,,,3.0,5.0,5.0,,,,,,5.0,,5.0,5.0,,5.0,,,,1.0,,,,,5.0,4.0,,,1.0,,,,,,,,,,,,,,,,,,,,,,,,,,,,,,,,,,,,,,,,,,,,,,,,,,,,,,,,,,,,,,,,,,,,,,,,,,,,,,,,,,,,,,,5.0,,,,,,,,,,,,,,5.0,4.0,2.0,5.0,5.0,4.0,3.0,5.0,5.0,5.0,5.0,3.0,5.0,4.0,3.0,5.0,3.0,4.0,5.0,4.0,5.0,4.0,5.0,4.0,5.0,5.0,5.0,5.0,4.0,5.0,5.0,5.0,4.0,5.0,5.0,4.0,5.0,,,,,,,,,,,,,,,,,,,,,,,,,,,,,,,,,,,
A26NLSTT75FMJM,,,5.0,4.0,,,,,,,,,,,,,,,,,,,,,,,,,,,,,,,,,,,,,,,,,,,,,,,,,,,,,,,,,,,,,,,,,,,,,,,,,,,,,,,,,,,,,,,,3.0,,,,,,5.0,,,,,,,,,,,,,,,,,,,,,,,,,,,,,,,,,,,,,,,,,,,,,,,,,,,,,,,,,,,,,,1.0,,,,,,,,,,,,,,,,,,,,,1.0,,,,1.0,,,,,,5.0,4.0,4.0,5.0,5.0,4.0,4.0,3.0,2.0,5.0,4.0,3.0,5.0,4.0,5.0,5.0,5.0,5.0,4.0,5.0,2.0,4.0,2.0,5.0,4.0,4.0,1.0,4.0,5.0,5.0,4.0,4.0,4.0,3.0,5.0,3.0,4.0,4.0,5.0,5.0,5.0,5.0,3.0,4.0,4.0,5.0,5.0,5.0,5.0,4.0,4.0,4.0,4.0,5.0,4.0,5.0,5.0,5.0,5.0,5.0,3.0,5.0,5.0,3.0,4.0,4.0,5.0,2.0,4.0,5.0,3.0,4.0,2.0,1.0,4.0,4.0,5.0,3.0,1.0,2.0,4.0,1.0,2.0,3.0,5.0,4.0,5.0,4.0,1.0,3.0,4.0,5.0,3.0,2.0,3.0,4.0,2.0,2.0,4.0,3.0,4.0,3.0,5.0,3.0,5.0,5.0,5.0,3.0,5.0,5.0,4.0,4.0,5.0,5.0,4.0,4.0,5.0,4.0,5.0,2.0,5.0,5.0,3.0,5.0,5.0,5.0,4.0,1.0,3.0,3.0,4.0,5.0,5.0,4.0,4.0,4.0,5.0,5.0,1.0,5.0,5.0,5.0,1.0,5.0,4.0,4.0,4.0,4.0,5.0,4.0,1.0,4.0,3.0,1.0,3.0,4.0,5.0,1.0,5.0,4.0,4.0,3.0,4.0,2.0,,,,,,,,,,,,,,,,,,,,,,,,,,,,,,,,,,,,,,,,,,,,,,,,,,,,,,,,,,,,,,,,,,,,,,,,,,,,,,,,,,,,,,,,,,,,,,,,,,,,,,,,,,,,,,,,,,,,,,,,,,,,,,,,,,,,,,,,,,,,,,,,,,,,,,,,,,,,,,,,,,,,,,,,,,,,,,,,,,,,,,,,,,,,,,,,,,,,,,,,,,,,,,,,,,,,,,,,,,,,,,,,,,,,,,,,,,,,,,,,,,,,,,,,,,,,,,,,,,,,,,,,,,,,,,,,,,,,,,,,,,,,,,,,,,,,,,,,,,,,,,,,,,,,,,,,,,,,,,,,,,,,,,,,,,,,,,,,,,,,,,,,,,,,,,,,,,,,,,,,,,,,,,,,,,,,,,,,,,,,,,,,,,,,,,,,,,,,,,,,,,,,,,,,,,,,,,,,,,,,,,,,,,,,,,,,,,,,,,,,,,,,,,,,,,,,,,,,,,,,,,,,,,,,,,,,,,,,,,,,,,,,,,,,,,,,,,,,,,,,,,,,,,,,,,,,,,,,,,,,,,,,,,,,,,,,,,,,,,,,,,,,,,,,,,,,,,,,,,,,,,,,,,,,,,,,,,,,,,,,,,,,,,,,,,,,,,,,,,,,,,,,,,,,,,,,,,,,,,,,,,,,,,,,,,,,,,,,,,,,,,,,,,,,,,,,,,,,,,,,,,,,,,,,,,,,,,,,,,,,,,,,,,,,,,,,,,,,,,,,,,,,,,,,,,,,,,,,,,,,,,,,,,,,,,,,,,,,,,,,,,,,,,,,,,,,,,,,,,,,,,,,,,,,,,,,,,,,,,,,,,,,,,,,,,,,,,,,,,,,,,,,,,,,,,,,,,,,,,,,,,,,,,,,,,,,,,,,,,,,,,,,,,,,,,,,,,,,,,,,,,,,,,,,,,,,,,,,,,,,,,,,,,,,,,,,,,,,,,,,,,,,,,,,,,,,,,,,,,,,,,,,,,,,,,,,,,,,,,,,,,,,,,,,,,,,,,,,,,,,,,,,,,,,,,,,,,,,,,,,,,,,,,,,,,,,,,,,,,,,,,,,,,,,,,,,,,,,,,,,,,
AMP7TQRWAIE84,,,,,,,,,,,,,,5.0,2.0,3.0,,,2.0,2.0,3.0,4.0,4.0,,,4.0,,,,4.0,3.0,,,3.0,4.0,,,2.0,2.0,,,,,1.0,,,,,2.0,,,,,,,,,,,,,,,,,,,,,,,,,5.0,,,,,,,,,,5.0,,,,,,,,,,,,,,,,,,,,,,,,,,,,,,,,,,,,,,,,,,,,,,,,,,,5.0,,,,,,,,,,,,,,,,,,,,,,,,,,,,,,,,,,,,,4.0,,,,,,,,,,,,,2.0,,,,,,,,,,,,,,,,,,,,,,,,,,5.0,,,,,,,,,,,,,,,,,,,,,,,,,,,,,,,,,,,,,,,,,,,,,,,,,,,,,,,,,,,,,,,,,,,,,,,,,,,,,,,,,,,,,,,,,,,,,,,,,,,,,,,,,,,,,,,,,,,,,,,,,,,,,,,,,,,,,,,,,,,,,,,,,,,,,,,4.0,4.0,,,,,,,,,,,,4.0,,,,,,,,,,,,,,,,,,,,,,,,,,,,,,4.0,,,,,,,2.0,,,,,3.0,,,,,,,3.0,,,4.0,,,4.0,,,,,,3.0,,,,,,,2.0,,,,,,5.0,4.0,,,,4.0,4.0,,,,4.0,,,5.0,,,,,5.0,,,3.0,,,,4.0,,,1.0,1.0,,,,,,,,,4.0,,,,,,,,,,,,,,,,,,,,,,,,,,,,,,,,,,,,,,,,,,,4.0,5.0,,,,,,,,,,,4.0,,,,,,,,,,,,,,,,,,,,,,,,,,,,,,,,,,,,,,,,,,,,,,,,,,,,,,,,,,,,,,,,,,,,,,,,,,,,,,,,,,,,,,,,,,,,,,,,,,,,,,,,,,,,,,,,,,,,,,,,,,,,,,,,,,,,,,,,,,,,,,,,4.0,,,,,,4.0,,,,,,,,,,,,,,,,,,,,,,,,,,,,,,,,,,,,,,,,,,,,,,,,,,,,,,,,,,,,,,,,,,,,,,,,,,,,,,,,,,,,,,,,,,,,,,,,,,,,,,,,,,,,,,,,,,,,,,,,,,,4.0,,,,,,,,,,,,,,,,,,,4.0,,,4.0,,,,,,,,,,,,,,,4.0,,,,,,,,,,4.0,,,,,,,,,,,,,,,,,4.0,,,,,,,,,4.0,,,,,,,5.0,,,,,,,3.0,,,4.0,,,,,,,,,,,,,5.0,4.0,4.0,5.0,,,,,,,,,,3.0,,,4.0,,,,,,,,,,,,,,,,,,,,,,,,,,,,,,,,,4.0,,,,,,,,,,,,,,,4.0,,,,,,,,,,3.0,,,,,,,,,,,,,,,,,,,,,,,,,,,,,,,,,,,,,,,,4.0,,,,,5.0,,,,,,,,,,,,,,,,,,,,,,,,,,,,,,,,,,,,,,,,,,,,,,,,,,,,,,,,,,,,,,,,,,,,,,,,,,,,1.0,,,,,,,,,,,4.0,,,,,,,,,,,,,,,,,,,,,,,,,,,,,,,,,,,,,,,,,,,,,,,,,,,,,,4.0,,,,,,,,,,,4.0,,,,,,,,,,,,,,,4.0,,,5.0,,,,,,,,,,,,,,,,,,,,,,,,,,,,,,,,4.0,,,,,4.0,,,,,,,,,,,,,,,,,,,,,,,,4.0,,,,,,,,,,,5.0,,,,,,,,,,,,,,,,,,,,,,,,,,,,,,,,4.0,,,1.0,,,,,,,,,,1.0,,,,,,,,,,,,,,,,,4.0,4.0,5.0,4.0,3.0,4.0,3.0,4.0,2.0,1.0,4.0,5.0,4.0,5.0,3.0,1.0,4.0,4.0,3.0,3.0,3.0,3.0,5.0,4.0,4.0,3.0,4.0,2.0,4.0,4.0,4.0,2.0,4.0,4.0,4.0,5.0
A36EDWL4F3AASU,,,,,,,,,,,,,,,,,,,,,,,,,,,,,,,,,,,,,,,,,,,,,,,,,,,,,,,,,,,,,,,,,,,,,,,,,,,2.0,,,,,,,,,1.0,,,,,1.0,,2.0,,,,,,,,,,,,,,,,,,,,,,,,,,,,,,,,,,,,,,,,,,,,,,,,,,,,,,,,,,,,,,,,,,,,,,,,,,,,,,,,,,,,,,,,,,,,,,,,,,,,,,,,,,,,,,,,,,,,5.0,,,,,,,,,,,,5.0,,,,,,,,,,,,,,,,,,,,,,,,,,,,,,,,,,,,,,,,5.0,,,,,,,,,,,,,,,,,,,,,,,,,,,,,,,,,,4.0,,,5.0,,,,,,,,,,,,,,,,,,,,,,,,,,,,,,,,,,,,,1.0,,,,,,,,,,,,,,,,,5.0,,,,,,,,,,,,,,,,,,,,,,,4.0,,,,,,,,,,,,,,,,,,,,,,,4.0,4.0,,,,,,,,,,,,,,,,4.0,,,,,,,,,,,,,,,,,,,,,,,,,,,,,,,,,,,,,,,,,,,,,,,,,,,,,,1.0,,,,,,,,,,,,,,,,,,,,,,,,,,,,,,,,,,,,,,,,,,,,,,,,,,,,,,,,,,,,,,,,,,,,,,,,,,,,,,,,,,,,,,,,,,,,,,,,,,,,,,,,,,,,,,,,,,,,,,,,,,,,,,,,,,,,,,,,,,,,,,,,,,,,,,,,,5.0,,,,,,,,,,,,,,,,,,,,,,,,,,,,,,,,,,,,,,,,,,,,,,,,,,,,,,,,,,,,,,,,,,,,,,,,,,,,,,,,,,,,,,,,,,,,,,,,,,,,,,,,,,,,,,,,,,,,,,,,,,,,,,,,,,,,,,,,,,,,,,,,,,,,,,,,,,,,,,,,,,,,,,,,,,,,,,,,,,,,,,,,,,,,,,,,,,,,,,,,,,,,,,,,,,,,,,,,,,,,,,,,,,,,,,,1.0,,,,,,,,,,,,,,,,,,,,,,,,,,,,,,,,,,,,,,,,,,,,,,,,,,,,,,,,,,,,,,,,,,,,,,,,,,,,,,,,,,,,,,,,,,,,,,,,,,,,,,,,,,,,,,,,,,,,,,,,,,,,,,,,,,,,,,,,,,,,,,,,,,,,,,,,,,,,,,,,,,,,,,,,,,,,,,,,,,,,,,,,,,,,,,,,,,,,,,,,,,,,,,,,,,,,,,,,,,,,,,,,,,,,,,,,,,,,,,,,,,,,,,,,,,,,,,,,,,,,,,,,,,,,,,,,,,,,,,,,,,,,,,,,,,,,,,,,,,,,,,,,,,,,,,,,,,,,,,,,,,,,,,,,,,,,,,,,,,,,,,,,,,,4.0,,,,,,,,,,,,,,3.0,5.0,5.0,5.0,3.0,4.0,5.0,3.0,5.0,4.0,3.0,4.0,4.0,5.0,5.0,5.0,4.0,2.0,5.0,5.0,1.0,3.0,2.0,5.0,1.0,4.0,1.0,2.0,2.0,5.0,1.0,5.0,4.0,3.0,3.0,1.0,1.0,1.0,2.0,4.0,3.0,1.0,2.0,,,,,,,,,,,,,,,,,,,,,,,,,,,,,,,,,,,,,,,,,,,,,,,,,,,,,,,,,,,,,,,,,,,,,,,,,,,,,,,,,,,,,,,,,,,,,,,,,,,,,,,,,,,,,,,,,,,,,,,,,,
A3W0POMI33YQXQ,,,,,,,,,,,,,,,,,,,,,,,,,,,,,,,,,,,,,,,,,,,,,,,,,,,,,,,,,,,,,,,,,,,,,,,,,,,,,1.0,,,,,,,,,,,,,,,,,,,5.0,,,,,5.0,,,,,,,,,4.0,5.0,5.0,,,,,,4.0,,5.0,,,,1.0,,,3.0,,,1.0,4.0,2.0,5.0,,,,1.0,,,1.0,1.0,5.0,4.0,5.0,1.0,,,4.0,,4.0,,,5.0,,,5.0,,,,1.0,,,4.0,,5.0,5.0,,3.0,5.0,,,,,,,,1.0,4.0,,4.0,,,2.0,5.0,,4.0,,5.0,,3.0,,,,,,,,,,,,,,5.0,5.0,,,,,,,,,,,,,,,,,,,,,,,,,,,,,,,,,,,,,,,,,,,,,,,,,,,,,,,,,,,,,,,,,,,,,,,,,,,,,,,,,,,,,,,,,,,,,,,,,,,,,,,,,,,,,,,,,,,,,,,,,,,,4.0,,,,,,,,,,,,,,,5.0,,5.0,,,,,,,,,,,,,,,,,,,,,,,,,,,,5.0,5.0,,,,,,,,,,,,,,,,,,,,,,,,,,,,5.0,5.0,,,,,,,,,5.0,,,,,,5.0,,5.0,,,,,,,,,,3.0,,,,,4.0,4.0,,4.0,4.0,,,3.0,,,,1.0,,,5.0,,5.0,,,4.0,5.0,,,,,,5.0,5.0,,,1.0,4.0,,,,,,4.0,,,,5.0,,,,,,5.0,,,,,5.0,1.0,,5.0,,,,,,,,,,,,,,,,,,,,,,,,,,,,,,,,,,,,,,,,,,,,,,,,,,,,,,,,,,,,,,,,,,,,,,,,,,,,,,,,,,,,,,,,,,,,,,,,,,,,,,,,,,,,,,,,,,,,,,,,,,,,,,,,,,,,,,,,,,,,,,,,,,,,,,,,,,,,,,,,,,,,,,4.0,,,,,,,,,,,,,,,,,,,,,,,,,,,,,5.0,,,5.0,,,,,,,,,,,,,,,,,,,,,,,,,,,,,,,,,,5.0,,,,,,,,,,,,,,,,,,,,,,,,,,,,,2.0,,,,,,,,,,,,,,,,,,,,,,,,,,,,,,,,,,,,,4.0,3.0,,,,,,,,,5.0,,,,,,,,5.0,,,,,,,,,,,,,,,,,,,,5.0,4.0,1.0,,,,,,,,,,5.0,,,,,,,,,,,,,5.0,,5.0,,4.0,,,,,,,,,,5.0,,5.0,,1.0,,5.0,5.0,,,,,,,,,2.0,,,,,,,,5.0,5.0,,,,,,,,,,,5.0,,,,,,,,,,,,,,,,,,,,,,,,,,,,,,,,,,,,,,,,5.0,5.0,5.0,5.0,5.0,4.0,5.0,5.0,5.0,5.0,5.0,4.0,5.0,4.0,5.0,1.0,5.0,1.0,4.0,5.0,5.0,2.0,2.0,2.0,1.0,5.0,3.0,4.0,4.0,1.0,1.0,4.0,5.0,1.0,5.0,5.0,3.0,1.0,5.0,5.0,4.0,4.0,5.0,4.0,5.0,4.0,5.0,5.0,5.0,4.0,3.0,5.0,4.0,1.0,4.0,3.0,4.0,3.0,5.0,5.0,5.0,5.0,5.0,5.0,5.0,4.0,3.0,5.0,4.0,4.0,5.0,1.0,5.0,5.0,5.0,5.0,5.0,3.0,5.0,2.0,3.0,5.0,5.0,1.0,2.0,4.0,5.0,5.0,5.0,2.0,5.0,5.0,5.0,5.0,5.0,5.0,4.0,5.0,,,,,,,,,,,,,,,,,,,,,,,,,,,,,,,,,,,,,,,,,,,,,,,,,,,,,,,,,,,,,,,,,,,,,,,,,,,,,,,,,,,,,,,,,,,,,,,,,,,,,,,,,,,,,,,,,,,,,,,,,,,,,,,,,,,,,,,,,,,,,,,,,,,,,,,,,,,,,,,,,,,,,,,,,,,,,,,,,,,,,,,,,,,,,,,,,,,,,,,,,,,,,,,,,,,,,,,,,,,,,,,,,,,,,,,,,,,,,,,,,,,,,,,,,,,,,,,,,,,,,,,,,,,,,,,,,,,,,,,,,,,,,,,,,,,,,,,,,,,,,,,,,,,,,,,,,,,,,,,,,,,,,,,,,,,,,,,,,
A32EDSKLEUZ3Y7,,,,,,,,,,,,,,,,,,,,,,,,,,,,,,,,,,,,,,,,,,,,,,,,,,,,,,,,,,,,,,,,,,,,,,,,,,,,,,,,,,,,,,,,,,,,5.0,4.0,4.0,1.0,5.0,4.0,1.0,5.0,5.0,5.0,4.0,5.0,5.0,5.0,5.0,4.0,5.0,4.0,5.0,5.0,5.0,4.0,4.0,2.0,5.0,4.0,5.0,4.0,5.0,4.0,5.0,5.0,3.0,1.0,4.0,4.0,1.0,1.0,4.0,3.0,4.0,4.0,1.0,5.0,3.0,4.0,5.0,4.0,4.0,5.0,3.0,5.0,4.0,2.0,5.0,4.0,2.0,4.0,4.0,4.0,4.0,3.0,4.0,4.0,4.0,3.0,4.0,1.0,5.0,3.0,4.0,3.0,4.0,4.0,2.0,3.0,4.0,4.0,5.0,5.0,2.0,4.0,5.0,5.0,1.0,3.0,3.0,4.0,3.0,3.0,4.0,3.0,5.0,1.0,4.0,3.0,4.0,3.0,5.0,,,,,,,,,,,,,,,,,,,,,,,,,,,,,,,,,,,,,,,,,,,,,,,,,,,,,,,,,,,,,,,,,,,,,,,,,,,,,,,,,,,,,,,,,,,,,,,,,,,,,,,,,,,,,,,,,,,,,,,,,,,,,,,,,,,,,,,,,,,,,,,,,,,,,,,,,,,,,,,,,,,,,,,,,,,,,,,,,,,,,,,,,,,,,,,,,,,,,,,,,,,,,,,,,,,,,,,,,,,,,,,,,,,,,,,,,,,,,,,,,,,,,,,,,,,,,,,,,,,,,,,,,,,,,,,,,,,,,,,,,,,,,,,,,,,,,,,,,,,,,,,,,,,,,,,,,,,,,,,,,,,,,,,,,,,,,,,,,,,,,,,,,,,,,,,,,,,,,,,,,,,,,,,,,,,,,,,,,,,,,,,,,,,,,,,,,,,,,,,,,,,,,,,,,,,,,,,,,,,,,,,,,,,,,,,,,,,,,,,,,,,,,,,,,,,,,,,,,,,,,,,,,,,,,,,,,,,,,,,,,,,,,,,,,,,,,,,,,,,,,,,,,,,,,,,,,,,,,,,,,,,,,,,,,,,,,,,,,,,,,,,,,,,,,,,,,,,,,,,,,,,,,,,,,,,,,,,,,,,,,,,,,,,,,,,,,,,,,,,,,,,,,,,,,,,,,,,,,,,,,,,,,,,,,,,,,,,,,,,,,,,,,,,,,,,,,,,,,,,,,,,,,,,,,,,,,,,,,,,,,,,,,,,,,,,,,,,,,,,,,,,,,,,,,,,,,,,,,,,,,,,,,,,,,,,,,,,,,,,,,,,,,,,,,,,,,,,,,,,,,,,,,,,,,,,,,,,,,,,,,,,,,,,,,,,,,,,,,,,,,,,,,,,,,,,,,,,,,,,,,,,,,,,,,,,,,,,,,,,,,,,,,,,,,,,,,,,,,,,,,,,,,,,,,,,,,,,,,,,,,,,,,,,,,,,,,,,,,,,,,,,,,,,,,,,,,,,,,,,,,,,,,,,,,,,,,,,,,,,,,,,,,,,,,,,,,,,,,,,,,,,,,,,,,,,,,,,,,,,,,,,,,,,,,,,,,,,,,,,,,,,,,,,,,,,,,,,,,,,,,,,,,,,,,,,,,,,,,,,,,,,,,,,,,,,,,,,,,,,,,,,,,,,,,,,,,,,,,,,,,,,,,,,,,,,,,,,,,,,,,,,,,,,,,,,,,,,,,,,,,,,,,,,,,,,,,,,,,,,,,,,,,,,,,,,,,,,,,,,,,,,,,,,,,,,,,,,,,,,,,,,,,,
A8SCX6VUTE05H,,,,,,,,,,,,,,,,,,,,,,,,,,,,,,,,,,,,,,,,,,,,,,,,,,,,,,,,,,,,,,,,,,,,,,,,,,,,,,,,,,,,,,,,,,,,,5.0,,,5.0,,,4.0,,,,,,,,,,4.0,4.0,,5.0,,,,,,,,5.0,5.0,,,3.0,,,,,,4.0,,,,,,4.0,2.0,,,,1.0,,,,2.0,,,,,,,,,,,,,5.0,1.0,2.0,2.0,2.0,,,4.0,,,4.0,3.0,3.0,1.0,,,5.0,,,,,,2.0,,2.0,2.0,2.0,2.0,,,4.0,1.0,,,,,,,,,,,,,,,5.0,,,,,,,,,,,,,,,,,,,,,,,,,,,,,,,,,,,,,,,,,,,,,,,,,,,,,,,,,,,,,,,,,,,,,,,,,,,,,,,,,,,,,,,,,,,,,,,,,,,,,,,,,,,,,,,,,,,,,,,,,,,,,,,,,,,,,,,,,,,,4.0,,,,,,,,,,,,4.0,5.0,,,,,,,,,,,,,,,,,,,,,,,,,,,,,,,,,,,,,,,,,,,,,,,,,,,1.0,,,,,,,,,,,,,,,,,,,4.0,,,,4.0,,,,,,,,,2.0,,1.0,,,,,1.0,,,,,,,,,5.0,,,,,,,,,,,,,3.0,,,,5.0,,5.0,,3.0,2.0,2.0,2.0,4.0,,3.0,4.0,2.0,,,,,,,,,,,,,,,,,,,,,,,,,,,,,,5.0,,,,,,,,,,,,,,3.0,,,,,,,,,,,,,,,,,,,,,,,,,,,,,,,,,,,,,,,,,,,,,,,,,,,,,,,,,,,,,,,,,,,,,,,,,,,,,,,,,,,,,,,,,,,,,,,,,,,,,,,,,,,,,,,,,,,,,,,,,,,,,,,,5.0,,,,,,,,,,,,,,,,,,,,,,,,,,,,,,,,5.0,4.0,,,,,,,5.0,,,,,,,,,,,,,,,,,,,,,,,,2.0,5.0,5.0,5.0,5.0,,,,,,,,,,,,,,,,,,,,,,,,,,,2.0,,,,,,2.0,,,,,,2.0,,,,,,,,,,,,,,,,,,2.0,,,,,,2.0,4.0,2.0,,,,,5.0,,,3.0,,,,2.0,3.0,,,,4.0,,,,,,,,,,,,,,,,,,,,,5.0,,,,,,,,,,,,,,,,,,,,,,,,4.0,,,,,,,,,,,,1.0,,,,4.0,,,2.0,4.0,3.0,3.0,,,,5.0,,2.0,,,,,,,,,,2.0,,,,,,,,,3.0,,,,,,,,,,,,,,,,4.0,,,,,,,,,,,,,,,,,,,,,,,,,,,,,,5.0,,5.0,,,,,,,4.0,,4.0,,,,,,5.0,2.0,,,,,,5.0,,2.0,,,4.0,4.0,5.0,,2.0,,4.0,,,,,,,,,,,,,4.0,,,5.0,,3.0,,4.0,,,5.0,,,,2.0,,5.0,,1.0,,1.0,1.0,3.0,2.0,,,,,,,,,,,,,,,,,,,,,,,,,,,,,,,,,,,,,,,1.0,3.0,,,3.0,,1.0,,,,5.0,5.0,4.0,5.0,5.0,5.0,5.0,3.0,5.0,5.0,5.0,4.0,5.0,5.0,3.0,5.0,3.0,4.0,3.0,2.0,5.0,5.0,5.0,4.0,5.0,5.0,2.0,5.0,5.0,2.0,5.0,2.0,4.0,2.0,5.0,2.0,2.0,2.0,4.0,5.0,4.0,2.0,2.0,3.0,2.0,5.0,2.0,3.0,1.0,1.0,4.0,1.0,1.0,,,,,,,,,,,,,,,,,,,,,,,,,,,,,,,,,,,,,,,,,,,,,,,,,,,,,,,,,,,,,,,,,,,,,,,,,,,,,,,,,,,,,,,,,,,,,,,,,,,,,,,,,,,,,,,,,,,,,,,,,,,,,,,,,,,,,,,,,,,,,,,,,,,,,,,,,,,,,,,,,,,,,,,,,,,,,,,,,,,,,,,,,,,,,,,,,,,,,,,,,,,,,,,,,,,,,,,,,,,,,,,,,,,,,,,,,,,,,,,,,,,,,,,,,,,,,,,,,,,
A2WRWK0ARXOFSZ,,,,,,,,,,,,,,,,,,,,,,,,,,,,,,,,,,,,,,,,,,,,,,,,,,,,,,,,,,,,,,,,,,,,,,,,,,,,,,,,,,,,,,,,,,,,,,,,5.0,,,,5.0,,,,,5.0,,,,,5.0,,,,,,,,,,,,,,2.0,,,,,,,,1.0,,,,,1.0,,,,1.0,,,,,,,,,,,,,,,,,,,,,,,,,,,,,,,,,5.0,,,1.0,,1.0,,1.0,,,,1.0,,1.0,,,,,,,,,,,,,,,,,,5.0,,,,,,,,,,,,,,,,,,,,,,,,,,,,,,,,,,,,,,,,,,,,,,,,,,,,,,,,,,,,,,,,,,,,,,,,,,,,,,,,,,,,,,,,,,,,,,,,,,,,,,,,,,,,,,,,,,,,,,,,,,,,,,,,,,,,,,,,,,,,,,,,,,,,,,,,,,,,,,,,,,,,,,,,,,,,,,,,,,,,,,,,,,,,,,,,,,,,,,,,,,,,,,,,,,,,,,,,,,,,,,,,,,,,,,,,,,,,,,,,,,,,,,,,,,,5.0,,,,,,,,,,1.0,,,3.0,,,,5.0,,,,2.0,1.0,,,,3.0,,4.0,,,,1.0,2.0,,,,,,,,,,,,,,,,,,,,,,,,,,,,,,,,,,,,,,,,,,,,,,,,,,,,,,,,,,,,,,,,,,,,,,,,,,,,,,,,,,,,,,,,,,,,,,,,,,,,,,,,,,,,,,,,,,,,,,,,,,,,,,,,,,,,,,,,,,,,,,,,,,,,,,,,,,,,,,,,,,,,,,,,,,,,,,,,,,,,,,,,,,,,,,,,,,,,,,,,,,,,,,,,,,,,,,,,,,,,,,,,,,,,,,,,,,5.0,,,,,,,,,,,,,,,,5.0,,,,,,,,,,,,,,,,,,,,,,,,,,,,,,,,,,,,,,,,,,,,,,,,,,,,,,,,,,,,,,,,,,,,,,,,,,,,,,,,,,,,,,,,,,,,,,,,,,5.0,,,,,,,,,,,,,,,,,,,,,,,,,,1.0,1.0,,,,,,,1.0,,1.0,,,,,,,,,,,,,1.0,,,1.0,,,,,,,,,5.0,,,,,,,,1.0,,,,,5.0,,,,4.0,,,,,,,,,,,,,,,,,,,,,,,,,,,,,,,,,,,,,,,,,,,,,,,,,,,,,,,,,,,,,,,,,,,,,,,,,,,,,,,,,,,,,,,,,,,,,1.0,,,1.0,,1.0,1.0,,1.0,,,,1.0,2.0,,,,1.0,,,,,,,,,,,,,,,,,,,,,,,,,,,,,,,,,3.0,,,1.0,,1.0,,,,,,5.0,,,,,,,,,,,,,,,,,,,,,5.0,,,,,,,,,5.0,,,,,,,,,,,,1.0,,,,,,,5.0,2.0,5.0,1.0,1.0,1.0,2.0,4.0,,,,,,,,,,,,,,,,,,,,,,,,,,,,,,,,,,,,,,,,,,,,,,,,,,,,,,,,,,,,,,,,,,,,,,,,,,,,,,,,,,,,,,,,,,,,,,,,,,,,,,,,,,,,,,,,,,,,,,,,,,,,,,,,,,,,,,,,,,,,,,,,,,,,,,,,,,,,,,,,,,,,,,,,,,,,,,,,,,,,,,,,,,,,,,,,,,,,,,,,,,,,,,,,,,,,,,,,,,,,,,,,,,,,,,,,,,,,,,,,,,,,,,,,,,,
A175TPTHMNS7S4,,,,,,,,,,,,,,,,,,,,,,,,,,,,,,,,,,,,,,,,,,,,,,,,,,,,,,,,,,,,,,,,,,,,,,,,,,,,,,,,,,,,,,,,,,,,,,,,,,,,,,,,,4.0,,,,,,,,,,,,,4.0,,,,4.0,,,,,,,,,,,,,,,,,,,,,,,2.0,2.0,,,,,,,2.0,,,,,4.0,1.0,,,,,,3.0,,2.0,,,,,,,4.0,,,,,,,,,,,3.0,,2.0,,2.0,,,,,,,,,,,,,,,5.0,,,,,,,,,,,,,,,,,,,,,,,,,,,,,,,,,,,,,,,,,,,,,,,,,,,,,,,,,,,,,,,,,,,,,,,,,,,,,,,,,,,,,,,,,,,,,,,,,,,,,,,,,,,,,,,,,,,,,,,,,,,,,,,,,,,,,,,,,,,,,,,,,,,,,,,,,,,,,,,,,,,,,,,,,,,,,,,,,,,,,,,,,,,,,,,,,,,,,,,,,,,,,,,,,,,,,,,,,2.0,,,,,,,,,,,,,,,,,,,,,,,,,,,,,,,,,,,,,,,,,,,,,,,,,,,,5.0,,,,,,,,,,,,,,,,3.0,5.0,,,,,,,,,,,,,,,,,,,,,,,,,,,,,,,,,,,,,,,,5.0,,,,,,,,,,,,,,,,,,,,,,,,,,,,,,,,,,,,,,,,,,,,,5.0,,,,,,,,,,,,,,,,,,,,,,,,,,,,,,,,,,,,,,,,,,,,,,,,,,,,,,,,,,,,,,,,,,,,,,,,,,,,,,,,,,,4.0,,,,,,,,,,,,,,,,,,,,,,,,,,,,,,,,,,,,,,,,,,,,,,,,,,,,,,,,,,,,,,,,,,,,,,,,,,,,,,,,,,,,,,,5.0,,,,,,,,,,,,,,,,,,,,,,,,,,,,,,,,,,,,,,,,,,,,,,,,,,,,,,,,,,2.0,,,,,,,,,,,,,,,,,,,,,,,,,,,,,,,,,,,,5.0,,,,,,,,,,,,,2.0,,,,,,,,,,,,,,,,,,3.0,,,2.0,,,,,,,,,,,,,,,,,,,,,,,,,,,,,,,,,,,,,,,,,,4.0,,,,,,,,,,,,,,,,,,,,,,,,,,,,,,,,,,,,4.0,,,,,,,,,,,,,,,,,,,,,,,,,,,,,,,,,3.0,,,,3.0,,,,,,,,,,,,,,,,,,,,,,,2.0,,,,3.0,,1.0,,,,,2.0,,,,,,,,,,,,,,,,,,5.0,4.0,3.0,4.0,4.0,4.0,4.0,4.0,4.0,4.0,4.0,4.0,4.0,3.0,4.0,3.0,2.0,4.0,4.0,3.0,3.0,2.0,4.0,1.0,4.0,,,,,,,,,,,,,,,,,,,,,,,,,,,,,,,,,,,,,,,,,,,,,,,,,,,,,,,,,,,,,,,,,,,,,,,,,,,,,,,,,,,,,,,,,,,,,,,,,,,,,,,,,,,,,,,,,,,,,,,,,,,,,,,,,,,,,,,,,,,,,,,,,,,,,,,,,,,,,,,,,,,,,,,,,,,,,,,,,,,,,,,,,,,,,,,,,,,,,,,,,,,,,,,,,,,,,,,,,,,,,,,,,,,,,,,,,,,,,,,,,,,,,,,,,,,,,,,,,,,,,,,,,,,,,,,,,,,,,,,,,,,,,,,,,,,,,,,,,,,,,,,,,,,,,,,,
AZSN1TO0JI87B,,,,,,,,,,,,,,,,,,,,,,,,,,,,,,,,,,,,,,,,,,,,,,,,,,,,,,,,,,,,,,,,,,,,,,,,,,,,,,,,,,,,,,,,,,,,,,,,,,,,,,,,,,,,,,,,,,,,,,,,,,,3.0,,,,,,,,,,,,,,,,,,,,,,,,,,,,,,,,,,,,,,,,,,,,,,,,,,,,,,,,,,,,,,,,,,,,,,,,,,,,,,,,,,,,,,,,,,,,,,,,,,,,,,,,,,,,,,,,,,,,,,,,,,,,,,,,,5.0,,,,,,5.0,,,,5.0,,,,,,,,,,,,,,,,,,,,,,,,,,,,,,,,,,,,,,,,,,,,,,,5.0,,,,,,,,,,,,,,,,,,,,,,,,2.0,,,,,,,,,,,,,,,,,,5.0,5.0,,,,,,,,,,,,,,,,,,,,,,,,,,,,,,,,,,,,,,,,,,,,,5.0,,,,,,,,,,,,,,,,,,,,,,,,,,,,,,,,,,,,,,,,,,5.0,,,,,,,,,,,,,,,,,,,,,,,,,,,,,,,,,,,,,,,,,,,,,,,,,,,,,,,,,,,,,,,,,,,,,,,,,,,,,,,,,,,,,,5.0,,,,,,,,,,,,,,5.0,,,,,,,,,,,,,,,,,,,,,,,,,,,,,,,,,,,,,,,,,,,,,,,,,,,,,,,,,,,,,,,,,,,,,,,,,,,,4.0,,,,,,,,,,,,,,,,,,,,,,,,,,,,,,,,,,,,,,,,,,,,,,,,,,,,,,,,,,,,,,,,,,,,,,,,,,,,,,,,,,,,,,,,,,,,,,,,,,,,,,,,,,,,,,,,,,,,,,,,,,,,,,,,,,,,,,,,,,,,,,,,,,,,,,,,,,,,,,,,,,,,,,,,,,,,,,,,,,,,,,,,,,,,,,,,,,,,,,,,,,,,,,,,,,,,,,,,,,,,,,,,,,,,,5.0,,,,,,,,,,,,,,,,,,,,,,,,,,,,,,,,,,,,,,,,,,,,,,,,,,,,,,,,,,,,,,,,,,,,,,,,,,,,,,,,,,,,,,,,,,,,,,,,,,,,,,,,,,,,,,,,,,,,,,,,,,,,,,,,,,,,,,,,,,,,,,,,,,,,,,,,,,,,,,,,,,,,,,,,,,,,,,,,,,,,,,,,,,,,,,,,,,,,,,,,,,,,,,,,,,,,,,,,,,,,,,,,,,,,,,,,,,,,,,,,3.0,,,,,,,,,,,,,,,,,,,,,,,,,,,,,,,,,,,,,,,,,,,,,,,,,,,,,,,,,,,,,,,,,,,,,,,,,,,,,,,,,,,5.0,,,,,,,,,,,,,,,,,,,,,,,,,,,,,,,,,,,,,,,,,,,,,,,,,,,,,,,,,,,,,,,,,,,,,,,,,,,,,,,,,,,,,,,,5.0,5.0,5.0,5.0,5.0,5.0,4.0,5.0,1.0,5.0,5.0,5.0,5.0,5.0,5.0,3.0,5.0,2.0,5.0,1.0,3.0,4.0,5.0,4.0,5.0,4.0,5.0,5.0,4.0,4.0,5.0,5.0,4.0,5.0,4.0,4.0,4.0,5.0,2.0,5.0,5.0,3.0,4.0,4.0,4.0,5.0,5.0,4.0,4.0,5.0,,,,,,,,,,,,,,,,,,,,,,,,,,,,,,,,,,,,,,,,,,,,,,,,,,,,,,,,,,,,,,,,,,,,,,,,
A3PCTD8QM1BIXI,,,,,,,,,,,,,,,,,,,,,,,,,,,,,,,,,,,,,,,,,,,,,,,,,,,,,,,,,,,,,,,,,,,,,,,,,,,,,,,,,,,,,,,,,,,,,,,,,,,,,,,,,,,,,,,,,,,,,,,,,,,,,,,,,,,,,,,,,,,,,,,,,,,,,,,,,,,,,,,,,,,,,,,,,,,,,,,4.0,,,,2.0,,,,,,,,,,,,,,,,,,,,,,,,,,,,,,,,,,,,,,,,,,,,,,,,,,,,,,,,,,,,,,,,,,,,,,,,,,,,,,,,,,,,,,,,,,,,,,,,,,,,,,,,,,,,,,,,,,,,,,,,,,,,,,,,,,,,,,,,,,,,,,,,,,,,,,,,,,,,,,,,,,,,,,,,,,,,,,,,,5.0,3.0,,,,,,,,,5.0,,,,,,,,,,,,,,,,,,,,,,,,,,,,,,,,,,,5.0,5.0,5.0,,,,,5.0,,,,2.0,,,,,,,,,,,,,,,,,,,,,,,,,,,,,,,,,,,,,,,,,,,,5.0,,,,,,,,,,,,,,4.0,,,,,,,,,,,,,,,,,,,,,,,,5.0,,,,,,,,,,,,,5.0,,,,,4.0,,,,,,,,,,,,,,,,,,,,,,,,,,,,,,,,,,,,,5.0,,,,,,,,,,,,5.0,,,,,,,5.0,,,5.0,,,,,,,,,,,,,,,,,,,,,,,,,5.0,,,4.0,,,,,,,,,,,,,,5.0,,,,,,,,,,,,,,,,5.0,,,,,,,,,,,,,,,,,,,,4.0,,,,,,,,,,,,,,,,,,5.0,,,,5.0,,,,,,,4.0,,,,,,5.0,,,,,,4.0,,,,,,,,,,,,,,,,,,,,,,,,,,,,,,,,,,,,,,,,,,4.0,,,,,,,,,,,,5.0,,,,,,,5.0,,,,,,,,,,,,,,,3.0,,,,,,,,,,,,,,,,,,,5.0,,,,,,,,,,,,,,,,,,,,,,,,,,,,,5.0,,,,,,,,,,,,,,,,,,,,,,,,,,,5.0,,,,,,,,,,,,,,,5.0,,,,,,,,,,4.0,,,,,,,,,,,,,,,,,,5.0,,,,,,,,,,,,,,,,,,,,,,,,,,,4.0,,,,,5.0,5.0,,5.0,,,,,,,,,,,,,,,,,,,,5.0,4.0,,,,,,,,,,,,,,,,,,,,,,,,,,,,,,,,,,,,,,,,,,,,,,,,,,,,3.0,,,,,,,,,,,,4.0,,,,,,,,,,,,,,,,,2.0,,,,,,,,,,,,,,,,,,5.0,,,,,,,,,,5.0,,,,,,,,,5.0,,,,,,,,,,,,,,,,4.0,,,,,,,,,,,,,,,,,,,,,,,,,,,,,,,,,,,,,,,,,,,,,,,,,,2.0,,3.0,2.0,4.0,3.0,5.0,4.0,5.0,5.0,4.0,5.0,2.0,4.0,2.0,4.0,5.0,2.0,4.0,3.0,5.0,,,,,,,,,,,,,,,,,,,,,,,,,,,,,,,,,,,,,,,,,,,,,,,,,,,,,,,,,,,,,,,,,,,,,,,,,,,,,,,,,,,,,,,,,,,,,,,,,,,,,,,,,,,,,,,,,,,,,,,,,,,,,,,,,,,,,,,,,,,,,,,,,,,,,,,,,,,,,,,,,,,,,,,,,,,,,,,,,,,,,,,,,,,,,,,,,,,,,,,,,,,,,,,,,,,,,,,,,,,,,,,,,,,,,,,,
